store_id,block_id,external_mall_id
1845,7413,30
1271,4680,10
,11160,18
,6373,26
1451,4605,10
12114,11596,32
1886,7444,30
338,7598,13
499,7032,19
12229,11457,32
11509,6323,25
1824,7418,30
11320,6376,26
10131,5962,23
9986,5761,28
7115,1162,36
1802,7300,30
1124,4646,10
301,7511,13
11081,2329,24
11080,2334,24
1434,4475,10
,6899,33
1142,4551,10
10270,6047,23
11472,6313,25
11296,6566,26
9314,11123,18
1411,4608,10
494,7006,19
1149,4550,10
12379,13574,32
,7320,30
293,7685,13
1229,4477,10
11374,6158,25
2012,6893,33
2168,6780,33
11095,6391,26
11532,6297,25
12387,11652,32
4536,2877,12
1702,7325,30
2167,6908,33
11274,6523,26
1996,6892,33
9345,11096,18
10048,5775,28
11195,6381,26
11473,6291,25
1795,7337,30
1288,4508,10
11024,2221,24
4432,6602,22
2173,6973,33
2173,6972,33
12159,11382,32
7291,1286,36
666,7146,19
9413,11278,18
9813,5725,28
11309,6413,26
9259,11045,18
515,7105,19
10981,2267,24
595,7004,19
2128,6909,33
10002,5833,28
459,7095,19
7177,1127,36
11178,6491,26
1792,7298,30
1683,7481,30
1719,7296,30
9883,5767,28
10299,5991,23
1446,4548,10
1692,7302,30
11479,6222,25
9248,11199,18
1861,7434,30
1987,6882,33
559,7210,19
110,7513,13
1343,4559,10
24,7638,13
9293,11164,18
727,7007,19
243,7653,13
1160,4471,10
2150,6739,33
11217,6410,26
9880,5779,28
1470,4537,10
628,7204,19
9484,11119,18
9478,11284,18
1826,7419,30
1441,4552,10
225,7565,13
12308,10981,32
11553,6315,25
7046,1289,36
12416,13575,32
12398,10938,32
12157,11447,32
9330,11125,18
4752,5244,14
5667,4275,17
4694,2920,12
4616,2988,12
4630,2989,12
4634,2893,12
4732,2877,12
4730,2849,12
5175,1716,16
5159,1684,16
5200,1832,16
5244,1689,16
5246,1791,16
5256,1762,16
5267,1879,16
5279,1783,16
5313,1699,16
5332,1838,16
5386,1716,16
4952,5104,14
4847,5175,14
5015,5161,14
4749,4968,14
4853,5168,14
4868,5169,14
5048,4994,14
5073,4976,14
4879,5193,14
4926,5182,14
4944,5181,14
5086,5187,14
4986,5180,14
5090,5180,14
4765,4983,14
5079,4983,14
5968,4858,7
5983,43,7
6013,54,7
5879,74,7
5986,53,7
6081,74,7
6024,68,7
5777,4355,17
5809,4411,17
5814,4373,17
5814,4371,17
5818,4268,17
5726,4315,17
5751,4288,17
5747,4286,17
5784,4436,17
5850,4315,17
5847,12602,17
5725,4426,17
5759,4277,17
5800,4432,17
5573,408,15
5640,408,15
5557,544,15
5509,416,15
5442,418,15
5532,412,15
,503,15
5562,427,15
5501,605,15
5577,598,15
5590,578,15
4402,6615,22
4411,6687,22
4394,6682,22
4460,6694,22
4458,6714,22
4477,6670,22
4488,6683,22
4489,6710,22
4494,6691,22
4509,6708,22
4515,6713,22
4520,6682,22
287,7733,13
11145,6489,26
11201,6543,26
11307,6579,26
11506,6290,25
1635,7320,30
10133,5998,23
9947,5724,28
9954,5838,28
7106,1164,36
7263,1269,36
7298,1280,36
7287,1071,36
7289,1080,36
7304,1277,36
11047,2241,24
10168,6012,23
10204,6026,23
9978,5691,28
300,7682,13
7130,1267,36
500,4013,19
2111,6830,33
692,7123,19
11484,6270,25
1893,7381,30
1123,4739,10
11359,6555,26
10285,5947,23
,7491,30
9210,11294,18
6007,4847,7
186,7582,13
9236,11254,18
11036,2286,24
9796,5728,28
7125,1131,36
7125,1216,36
7300,1142,36
2120,6812,33
210,7667,13
11242,6581,26
12418,11421,32
11458,6347,25
11051,2284,24
7307,1094,36
702,7104,19
1658,7372,30
159,7741,13
1213,4723,10
1380,4589,10
2011,6772,33
11433,6154,25
2206,6832,33
1472,4617,10
10208,6044,23
10075,6031,23
12083,11533,32
6020,4910,7
2073,6828,33
9377,11047,18
,4950,26
11210,6574,26
299,7719,13
10182,5988,23
,6818,33
12292,11593,32
11380,6215,25
10205,5948,23
219,7586,13
11085,2252,24
1762,7352,30
7207,1297,36
7029,1304,36
12183,11442,32
7098,1252,36
7215,1303,36
11349,6401,26
7153,1130,36
9871,5784,28
9871,5847,28
2070,6875,33
447,7059,19
10164,6048,23
1870,7467,30
12105,11067,32
1318,4711,10
9286,11219,18
1323,3535,10
10284,6083,23
173,7545,13
4717,2937,12
4733,2945,12
4636,2845,12
4653,2853,12
4662,2969,12
4621,2976,12
4726,2983,12
5222,1642,16
5261,1861,16
5287,1856,16
5309,1719,16
5355,1867,16
5368,1827,16
4975,2157,14
4995,1904,14
4994,1940,14
4799,2145,14
4819,1915,14
5065,1915,14
4921,1911,14
4918,2041,14
5071,5056,14
5050,5042,14
6023,4846,7
6084,892,7
6076,23,7
6076,4895,7
5455,463,15
5496,442,15
5558,462,15
,529,15
4416,6649,22
4486,6712,22
10964,2343,24
10964,2252,24
9451,10902,18
7179,1201,36
7240,1240,36
7279,1199,36
12148,11758,32
2115,6994,33
,6371,25
10121,5990,23
,2217,24
,7773,13
,7245,19
1794,7429,30
9806,5757,28
,7743,13
1428,4750,10
5801,4441,17
,6182,25
5364,1329,16
5040,5206,14
,14477,7
4412,6724,22
,6371,25
7135,1075,36
10081,5946,23
10147,6098,23
11123,6538,26
12081,11536,32
11435,6177,25
9823,5736,28
1338,4688,10
9781,5694,28
1119,4620,10
,5732,28
10180,5960,23
74,7699,13
358,7089,19
4863,5036,14
4667,2834,12
5305,1697,16
5980,73,7
5755,4330,17
5567,415,15
4382,6604,22
10082,6039,23
11240,6411,26
11116,6446,26
9989,5749,28
10306,5944,23
1448,4788,10
1823,7379,30
740,7187,19
337,7560,13
9246,11229,18
12138,11545,32
12115,11435,32
11436,6176,25
1440,4663,10
10295,5987,23
107,7529,13
11475,6285,25
450,7035,19
12409,11438,32
11352,6468,26
10241,5954,23
12405,11422,32
9948,5690,28
11023,2255,24
9999,5778,28
9319,11132,18
2048,6751,33
261,7655,13
11253,6415,26
9827,5770,28
2155,6836,33
5520,611,15
4729,2935,12
4613,2991,12
4707,2975,12
5155,1637,16
4812,5166,14
4818,5197,14
4882,5053,14
6049,28,7
5790,4269,17
5690,4425,17
5631,531,15
5628,611,15
4408,6640,22
4519,6640,22
1767,7308,30
7243,1063,36
,11211,18
,6769,33
,4668,10
10179,6133,23
1190,4699,10
,11678,32
4676,2968,12
4708,2807,12
4723,2843,12
4727,2970,12
5316,1751,16
5093,5048,14
5057,5212,14
4492,6720,22
7162,1064,36
1445,4465,10
2118,6869,33
9288,11290,18
9840,5665,28
4679,2870,12
2223,6883,33
11575,6303,25
11303,6508,26
10297,5937,23
9326,11157,18
12390,11592,32
670,7140,19
423,7030,19
11252,6375,26
52,7687,13
344,7676,13
9454,11270,18
2156,6951,33
9892,5805,28
612,7125,19
11007,2260,24
1265,4612,10
11327,6389,26
2191,6887,33
1300,4573,10
9308,10919,18
11388,6314,25
11029,2219,24
733,4006,19
1244,4527,10
179,7669,13
12374,11607,32
12100,11375,32
2196,6857,33
228,7633,13
7114,1112,36
7114,1102,36
183,7536,13
12403,11376,32
106,7558,13
720,7160,19
9355,11152,18
2185,6926,33
7147,1181,36
7147,1161,36
7282,1070,36
9292,11163,18
1903,7459,30
9347,11156,18
473,7119,19
10030,5795,28
12225,11497,32
11304,6386,26
10127,6008,23
10099,5914,23
7292,1101,36
2045,6944,33
2141,6872,33
1859,7407,30
1284,4516,10
9312,11124,18
9322,11166,18
9841,5807,28
1224,4472,10
10100,5933,23
9284,11220,18
1936,6952,33
5717,4394,17
10076,6010,23
12165,11385,32
,11740,32
1680,7445,30
10997,2278,24
2055,6831,33
2250,6879,33
9793,5670,28
1945,6947,33
9442,11151,18
1851,7441,30
365,7151,19
1249,4658,10
9253,11231,18
1690,7457,30
1943,6916,33
2240,6752,33
11460,6294,25
12411,13463,32
1974,6870,33
227,7523,13
9449,11069,18
1972,6920,33
1975,6871,33
2217,6846,33
1895,7406,30
7218,1088,36
1412,4657,10
271,7647,13
389,7179,19
1444,4532,10
204,7597,13
9339,11143,18
392,7084,19
2180,6923,33
9238,11230,18
1878,7394,30
4692,2923,12
12185,9376,32
7156,1276,36
84,7531,13
1234,4538,10
9465,11212,18
12172,11647,32
1641,7416,30
1469,4547,10
11396,6163,25
12254,11620,32
1875,7408,30
1973,6868,33
37,7688,13
2022,6861,33
1917,6753,33
,4544,10
11197,6412,26
1467,4520,10
734,4113,19
1967,6850,33
11196,6512,26
1869,7456,30
9327,11149,18
9846,5829,28
4533,2865,12
4672,2919,12
4698,2921,12
4714,2931,12
4540,2875,12
4548,2874,12
4572,2862,12
4645,13559,12
4574,2840,12
4628,2818,12
4629,2819,12
4660,2891,12
4663,2810,12
5105,1761,16
5153,1748,16
5128,1834,16
5301,1690,16
5100,1772,16
5158,1828,16
5184,1715,16
5269,1633,16
5146,2215,16
5360,1682,16
5188,1732,16
5192,1755,16
5196,1696,16
5205,1770,16
5258,1710,16
5285,1764,16
5334,1655,16
5296,1744,16
5323,1801,16
5352,1868,16
5357,1870,16
5378,1849,16
5381,1636,16
4831,5109,14
4958,5021,14
4964,5023,14
4949,5020,14
4989,5010,14
5043,5018,14
5085,5015,14
5092,5019,14
4866,5120,14
4758,4993,14
4802,5139,14
4811,5048,14
5061,4979,14
4846,5093,14
5014,5094,14
5047,4977,14
4784,5141,14
4743,5062,14
4981,5113,14
5898,4855,7
5904,4856,7
5890,4817,7
5894,4854,7
5897,4842,7
5936,49,7
5901,70,7
6065,4872,7
6075,47,7
5910,4850,7
5912,4828,7
5918,4811,7
5919,40,7
5973,4867,7
6062,4802,7
5656,4367,17
5655,4368,17
5687,4328,17
5727,4370,17
5732,4377,17
5842,4390,17
5675,4307,17
5680,4284,17
5663,4384,17
5662,4422,17
5723,4419,17
5838,4419,17
5857,4372,17
5407,443,15
5399,503,15
5459,512,15
5475,520,15
5505,518,15
5545,523,15
5602,497,15
5627,516,15
5638,432,15
5648,506,15
5491,440,15
5446,570,15
5428,573,15
5448,577,15
5471,602,15
5487,584,15
5492,568,15
5497,560,15
5519,575,15
4375,6609,22
4365,6617,22
4364,6616,22
4406,6624,22
4465,6681,22
4403,6627,22
4386,6642,22
4401,6675,22
4421,6653,22
4504,6719,22
4505,6674,22
4517,6673,22
4521,6700,22
220,7680,13
296,7610,13
679,7168,19
1459,4648,10
11110,6387,26
12413,11483,32
2065,6879,33
2130,6792,33
2188,6848,33
2225,6847,33
10186,5999,23
10298,6036,23
9990,5772,28
7247,1147,36
7275,1076,36
7277,1291,36
382,7135,19
,4775,10
1651,7314,30
,4760,10
1803,7371,30
184,7752,13
95,7727,13
,7487,30
1474,4567,10
,7689,13
9216,11305,18
11075,2295,24
,7507,30
2146,6778,33
1262,4753,10
,6801,33
9895,5707,28
6,7605,13
,7367,30
,6914,33
10056,6034,23
,11752,32
,7318,30
495,7094,19
1255,4667,10
,4747,10
,6845,33
1844,7368,30
,4703,10
1413,4740,10
,7369,30
431,7214,19
320,7578,13
60,7649,13
,4812,7
,6744,33
,4708,10
,7617,13
142,7629,13
1219,4743,10
,7731,13
,4509,10
,4116,19
268,7580,13
,7267,19
2075,6768,33
,13563,32
11172,6447,26
1480,4705,10
,7322,30
11586,6179,25
1982,6798,33
,7360,30
12331,11516,32
9915,5730,28
,6773,33
380,7266,19
1731,7370,30
,6906,33
1452,4752,10
,6777,33
10155,6025,23
,4749,10
,4748,10
1388,4581,10
4701,2984,12
,1624,16
,1625,16
,1623,16
,1626,16
,1720,16
,1724,16
5177,1687,16
,1691,16
5232,1877,16
,1722,16
5056,5098,14
4793,5162,14
,4956,14
4855,5173,14
,4953,14
,4954,14
,4821,7
,4820,7
6054,891,7
,4300,17
,4302,17
,4338,17
,4357,17
5697,4319,17
,4303,17
5827,4332,17
,604,15
,6669,22
4426,6721,22
4474,6601,22
,4746,10
,4705,10
,11184,18
1920,6744,33
,5951,23
7223,1299,36
676,7083,19
1889,7391,30
2034,6895,33
11014,2261,24
11191,6568,26
1772,7307,30
1266,4671,10
10053,5921,23
11371,6229,25
2059,6735,33
5418,470,15
4549,2813,12
4703,3010,12
5356,1865,16
4760,5066,14
5931,35,7
6064,28,7
5844,4311,17
5831,4270,17
5719,4347,17
5608,423,15
4451,6672,22
12316,11401,32
9798,5732,28
10037,5779,28
7272,1209,36
12206,11468,32
10063,6080,23
1763,7303,30
9967,5668,28
11165,6435,26
1874,7326,30
1295,4566,10
1938,6864,33
51,7585,13
1706,7341,30
1154,4590,10
1146,4503,10
532,7046,19
1417,4515,10
12205,11624,32
12205,11558,32
9829,5792,28
11504,6217,25
1836,7390,30
11156,6397,26
377,7069,19
11537,6193,25
1989,6829,33
1786,7449,30
9836,5799,28
2049,6843,33
1252,4662,10
10029,5819,28
9257,11273,18
9370,11213,18
1711,7403,30
1907,7335,30
562,7034,19
50,7515,13
1779,7386,30
10062,6081,23
11346,6427,26
11534,6203,25
2211,6905,33
2082,6841,33
2229,6918,33
,7594,13
633,7162,19
245,7581,13
1682,7454,30
11447,6220,25
486,7173,19
1807,7309,30
11249,6398,26
1983,6793,33
1727,7478,30
9922,5811,28
7308,1251,36
11069,2290,24
10135,6045,23
7077,1207,36
11090,2314,24
6030,30,7
11583,6191,25
11016,2220,24
9342,11136,18
1880,7402,30
11138,6509,26
,7490,30
7326,1284,36
1442,4659,10
9348,11138,18
180,7583,13
1486,4643,10
375,7067,19
7305,1087,36
10207,5983,23
11382,6219,25
5896,4805,7
11229,6513,26
2189,6795,33
644,7137,19
,3985,19
171,7663,13
182,7584,13
12175,13578,32
614,7113,19
401,7075,19
2181,6928,33
12412,10942,32
1708,7330,30
1966,6849,33
218,7602,13
349,7691,13
10178,5940,23
10061,6079,23
12219,10966,32
11569,6308,25
9270,11154,18
1131,4595,10
9926,5672,28
10177,6103,23
71,7652,13
11358,6551,26
11177,6423,26
208,7620,13
1857,7376,30
147,7679,13
2078,6863,33
1748,7450,30
117,7616,13
12256,11590,32
388,7136,19
404,7150,19
9949,5823,28
9968,5667,28
2165,6794,33
12221,11719,32
1377,4560,10
11544,6175,25
11399,6298,25
5971,67,7
9324,11187,18
1148,4495,10
1382,4709,10
9817,5715,28
10014,5808,28
2100,6786,33
9363,11036,18
9332,11120,18
7258,1096,36
9904,5666,28
12401,11622,32
7120,1062,36
1946,6945,33
11031,2268,24
376,7073,19
1322,4622,10
1703,7333,30
2087,6913,33
1298,4570,10
1838,7380,30
4566,2901,12
,6152,25
4585,2873,12
4559,2906,12
4588,2904,12
4554,2858,12
4556,2852,12
4560,2914,12
4600,2868,12
5103,1705,16
5132,1678,16
5144,1670,16
5202,1858,16
5131,1664,16
5134,1795,16
5135,1793,16
5181,1707,16
5186,1816,16
5189,1694,16
5190,1674,16
5204,1668,16
5310,1779,16
5330,1640,16
5387,1692,16
5384,1698,16
4945,5027,14
5070,5080,14
4767,5160,14
4796,5122,14
4872,5058,14
4884,4967,14
4894,4973,14
5082,5080,14
5054,5194,14
4772,5116,14
4913,5054,14
4917,5061,14
4922,2170,14
4770,5068,14
6070,893,7
5966,1,7
5864,4824,7
5928,4837,7
5956,16,7
5961,14,7
6006,4852,7
6043,4827,7
5873,46,7
6061,4880,7
5923,8,7
6074,64,7
5660,4273,17
5738,4281,17
5788,4283,17
5802,4317,17
5699,4360,17
5709,4420,17
5735,4287,17
5807,4413,17
5810,4295,17
5745,4402,17
5839,4402,17
5859,4314,17
5750,4393,17
5721,4342,17
5529,535,15
5528,537,15
5554,414,15
5629,517,15
5480,495,15
5594,492,15
5598,529,15
5516,549,15
5444,548,15
5472,586,15
5511,588,15
5515,591,15
5635,577,15
4373,6631,22
4363,6634,22
4445,6613,22
4466,6647,22
4491,6726,22
4498,6635,22
,6621,22
4069,11548,32
1423,4643,10
11149,6422,26
11235,6434,26
11420,6192,25
10074,6035,23
10199,6006,23
10025,5794,28
7086,1148,36
7086,1284,36
7228,1172,36
7242,1236,36
257,7577,13
1354,4468,10
12133,11505,32
1331,4554,10
10132,6088,23
9987,5729,28
12080,11534,32
429,7216,19
118,7546,13
9203,11207,18
9240,11041,18
746,7167,19
10253,6104,23
2197,6896,33
1757,7366,30
,2346,24
273,7614,13
11476,6223,25
10960,2311,24
9233,11204,18
12069,11527,32
2171,6746,33
9229,11206,18
166,7547,13
,7362,30
12368,11399,32
,11047,18
10020,5781,28
2116,6811,33
12128,11395,32
7136,1214,36
7193,1234,36
1241,4692,10
254,7698,13
11226,6554,26
267,7730,13
581,7107,19
570,7171,19
9237,11312,18
100,7567,13
1477,4712,10
1263,4478,10
,4698,10
1927,6770,33
9234,11000,18
12131,11474,32
11491,6161,25
9228,11205,18
10134,6102,23
2166,6747,33
632,7020,19
2013,6813,33
9224,11226,18
7306,1202,36
1134,4578,10
9310,11140,18
1929,6775,33
677,7086,19
9472,11239,18
12149,11489,32
1371,4700,10
1656,7364,30
12176,11518,32
12182,11504,32
,7489,30
7315,1155,36
592,7170,19
1171,4706,10
,6456,26
124,7706,13
9277,11313,18
7318,1079,36
303,7656,13
1468,4674,10
11168,6431,26
9440,11296,18
367,7071,19
,7486,30
2033,6743,33
,6022,23
5601,481,15
4539,2879,12
4665,2963,12
5140,1745,16
5136,1758,16
5242,1843,16
5248,1683,16
4862,4998,14
5000,5214,14
4768,4969,14
4890,2165,14
5032,5171,14
4795,5185,14
4740,5204,14
4961,5064,14
5053,5196,14
5892,4797,7
5942,4853,7
6073,67,7
5978,4875,7
5658,4297,17
,4420,17
5524,534,15
5464,444,15
5518,439,15
,445,15
5411,452,15
5457,456,15
5458,453,15
5517,454,15
4420,6638,22
197,7729,13
1310,4712,10
11125,6448,26
11060,2346,24
12129,11490,32
1709,7362,30
10264,6043,23
9918,5800,28
58,7700,13
1351,4565,10
1351,3538,10
452,7222,19
2103,6840,33
1359,4755,10
1275,4619,10
,6450,26
,6205,25
57,7684,13
7102,1294,36
10093,5906,23
596,7203,19
2043,6802,33
1775,7466,30
206,7608,13
1117,4696,10
1369,4579,10
223,7732,13
9241,11318,18
,7301,30
194,7534,13
602,7093,19
10183,6015,23
10077,5919,23
1894,7317,30
663,7163,19
10963,2328,24
1976,6877,33
5110,1723,16
4738,4995,14
4939,5164,14
4789,4951,14
5866,4896,7
5866,60,7
6052,895,7
5676,4351,17
5439,420,15
5576,633,15
7245,1200,36
11517,6349,25
4880,4955,14
162,7710,13
10033,5740,28
2143,6817,33
7108,1093,36
9910,5748,28
9323,11268,18
11308,6378,26
11502,6295,25
9960,5831,28
12402,11666,32
724,7132,19
1817,7448,30
12090,11546,32
9991,5759,28
1634,7299,30
11076,2349,24
11188,6567,26
11206,6460,26
1453,4598,10
10254,6046,23
2224,6930,33
1254,4664,10
2183,6839,33
,2237,24
11008,2304,24
11202,6533,26
2129,6925,33
11028,2236,24
1246,4652,10
7212,1230,36
2085,6808,33
10272,6096,23
11457,6309,25
2068,6856,33
,11118,18
11531,6317,25
9239,11232,18
1961,6761,33
12141,12030,32
1473,4594,10
2227,6819,33
1176,4627,10
11351,6489,26
11222,6456,26
435,7068,19
742,7116,19
1912,7328,30
1201,4665,10
11552,6225,25
1829,7479,30
12144,11458,32
12144,11481,32
11157,6409,26
1316,4504,10
1424,4645,10
1993,6823,33
12223,11614,32
1819,7297,30
7089,1089,36
11416,6322,25
7310,1115,36
613,7198,19
305,7708,13
1248,4656,10
12195,11378,32
11317,6461,26
10184,6070,23
9945,5683,28
167,7630,13
12140,11630,32
1666,7344,30
,6919,33
2112,6737,33
,11628,32
642,7147,19
9335,11334,18
1475,4522,10
1166,4628,10
5,7603,13
9448,11161,18
11394,6209,25
442,7178,19
342,7528,13
10976,2321,24
7314,1143,36
1186,4641,10
10201,5966,23
509,7159,19
12158,11683,32
9285,11292,18
11207,6405,26
9251,11255,18
480,7040,19
10041,5750,28
215,7599,13
9809,5693,28
510,7037,19
9492,11272,18
7053,1119,36
,6193,25
1890,7348,30
9252,11128,18
1481,4557,10
2050,6833,33
11318,6421,26
1169,4626,10
10993,2323,24
11287,6384,26
12120,10859,32
1704,7334,30
10007,5876,28
12426,11531,32
,2287,24
9946,5834,28
1825,7327,30
709,7164,19
709,4219,19
1949,6943,33
1488,4631,10
1177,4623,10
10292,5939,23
12241,11651,32
9343,11150,18
11142,6511,26
12121,11677,32
,11299,18
10222,5938,23
12200,10978,32
1713,7389,30
1909,7338,30
140,7521,13
408,7130,19
2092,6787,33
12367,10975,32
575,7043,19
11238,6407,26
2170,6767,33
11021,2257,24
181,7760,13
,6159,25
96,7575,13
7072,1228,36
2101,6820,33
1231,4625,10
11001,2305,24
1463,4635,10
78,7552,13
31,7738,13
1815,7329,30
189,7621,13
11514,6312,25
1352,4492,10
646,7138,19
11485,6221,25
2242,6748,33
1871,7346,30
14,7532,13
12210,11634,32
11218,6404,26
9860,5747,28
56,7524,13
1901,7349,30
1901,7328,30
12427,11629,32
2220,6917,33
5414,424,15
5007,5146,14
5600,482,15
4720,2936,12
4530,2898,12
4606,2990,12
4555,2838,12
4557,2886,12
4568,2869,12
4576,2861,12
4601,2871,12
4627,2894,12
4641,2900,12
4673,2882,12
4699,2979,12
4712,2905,12
4721,2909,12
4610,2980,12
4612,2982,12
4666,2878,12
5217,1641,16
5154,1763,16
5271,1743,16
5257,1799,16
5218,1675,16
5224,1711,16
5228,1701,16
5234,1698,16
5376,1812,16
5266,1769,16
5286,1811,16
5312,1787,16
5348,1857,16
5377,1886,16
5388,1645,16
4771,5192,14
4963,5000,14
4997,5052,14
5078,4999,14
4790,5044,14
4815,5030,14
4841,5059,14
5034,4971,14
4874,5121,14
4929,4990,14
5075,4988,14
5080,4988,14
4908,5115,14
4857,5076,14
4870,5183,14
4787,5143,14
4777,5118,14
4902,5119,14
4778,4980,14
4907,4984,14
5933,4818,7
5915,51,7
5950,31,7
5974,12,7
5977,4,7
5990,4857,7
5996,4862,7
6048,4861,7
6063,60,7
6085,4812,7
6071,4814,7
5955,41,7
5965,4863,7
5948,64,7
5948,4881,7
5876,42,7
5681,4274,17
5713,4309,17
5796,4440,17
5799,4262,17
5769,4294,17
5805,4327,17
5830,4272,17
5846,4282,17
5853,4298,17
5707,4291,17
5688,4285,17
5698,4331,17
5701,4361,17
5710,4289,17
5811,4359,17
5834,4412,17
5734,4322,17
5523,538,15
5522,531,15
5645,528,15
5403,496,15
5465,419,15
5409,428,15
5463,572,15
5508,592,15
5618,589,15
5633,593,15
,548,15
4367,6678,22
4380,6643,22
4409,6652,22
4405,6636,22
4410,6701,22
4415,6685,22
4450,6686,22
4455,6632,22
4478,6623,22
4499,6612,22
4510,6715,22
4523,6722,22
152,7691,13
446,7145,19
11216,6468,26
11269,6515,26
11367,6159,25
11030,2218,24
11559,6212,25
12306,11531,32
,11198,18
,11287,18
1814,7328,30
2018,6748,33
2061,6800,33
2131,6805,33
10108,5913,23
9795,5722,28
7186,1237,36
7259,1314,36
7281,1077,36
7302,1270,36
10188,5977,23
9906,5762,28
,7294,30
528,7213,19
10051,6138,23
11139,6430,26
9802,5704,28
10054,5923,23
731,4178,19
11392,6276,25
5344,1869,16
5426,606,15
678,7212,19
10116,6139,23
11384,6259,25
634,7044,19
2175,6970,33
9389,10908,18
,1279,36
1796,7484,30
1633,7483,30
,6067,23
,5997,23
12400,11511,32
1303,4725,10
8,7782,13
7299,1151,36
9432,11283,18
5817,4363,17
1309,4724,10
9374,11244,18
7257,1229,36
9868,5877,28
11329,6577,26
9390,11298,18
704,7042,19
1454,4764,10
455,7271,19
9450,10904,18
1456,4789,10
11383,6339,25
12110,11788,32
10955,2253,24
304,7772,13
7056,1098,36
1951,6982,33
10242,6123,23
11328,6441,26
11093,6403,26
12111,11578,32
9998,5758,28
1483,4489,10
265,7765,13
11497,6183,25
11497,6226,25
7204,1312,36
311,7671,13
729,7226,19
4578,2948,12
5333,1628,16
5389,1850,16
5389,1865,16
5129,1822,16
5003,5260,14
5017,5230,14
5068,5243,14
5084,5035,14
6057,4835,7
5998,4909,7
6008,4919,7
6066,7807,7
5852,4363,17
5785,4442,17
,461,15
5561,473,15
10229,6137,23
10305,6003,23
10008,5752,28
7244,1265,36
7317,1133,36
1195,4585,10
12118,11521,32
9438,11223,18
11319,6493,26
4911,5112,14
4942,2155,14
6047,4806,7
5610,504,15
11257,6406,26
11505,6301,25
1793,7431,30
7128,1092,36
737,4194,19
11167,6469,26
1667,7388,30
11332,6576,26
9467,11266,18
10289,5989,23
2069,6874,33
2054,6789,33
7321,1163,36
1934,6898,33
11083,2301,24
1761,7455,30
346,7662,13
10986,2293,24
1990,6855,33
9881,5803,28
10230,6038,23
9260,10943,18
1418,4506,10
1937,6927,33
11330,6472,26
129,7625,13
1305,4502,10
9786,5804,28
7110,1173,36
696,7101,19
12415,11428,32
12218,11501,32
471,7029,19
1414,4528,10
29,7618,13
11101,6552,26
1319,4494,10
11378,6151,25
1668,7387,30
,4423,17
4734,2933,12
4625,2820,12
5112,1634,16
5185,1859,16
5349,1859,16
5343,1695,16
5358,1880,16
4829,5177,14
4957,5017,14
4898,5046,14
6077,14,7
6042,4859,7
5877,4838,7
5654,4313,17
5514,522,15
5639,438,15
1988,6948,33
2102,6929,33
10226,5984,23
10017,5663,28
10232,6017,23
9383,8731,18
82,7673,13
82,7674,13
463,7192,19
1464,4702,10
9898,5688,28
109,7715,13
9220,11228,18
9799,5713,28
10325,6099,23
9832,5712,28
4807,5041,14
4642,2974,12
5319,1827,16
5495,487,15
5531,450,15
9245,11300,18
10122,6016,23
1944,6915,33
10011,5812,28
2248,6948,33
12392,12036,32
1199,4759,10
1199,4690,10
5453,486,15
5240,1757,16
4776,5172,14
5902,17,7
5900,45,7
9375,11162,18
5252,1784,16
1681,7452,30
11350,6422,26
11193,6558,26
9487,11107,18
11119,6377,26
348,7713,13
1287,4512,10
11326,6503,26
1799,7397,30
10124,6071,23
11440,6184,25
384,7152,19
352,7677,13
352,7563,13
9902,5793,28
10316,6055,23
1397,4529,10
7329,1194,36
2106,6904,33
9933,5718,28
2235,6929,33
1846,7393,30
7157,13815,36
10101,6058,23
11421,6318,25
9360,11194,18
1461,4562,10
11118,6380,26
11161,6541,26
9879,5809,28
12209,11626,32
,6779,33
9890,5714,28
9337,11286,18
10098,6051,23
2200,6935,33
1143,4555,10
566,7183,19
10000,5815,28
1897,7482,30
,11033,18
12174,11564,32
9300,11137,18
9273,11201,18
1750,7400,30
9346,11116,18
1694,7399,30
12407,11499,32
9373,11146,18
10303,5910,23
11444,6306,25
9295,11126,18
7327,1149,36
416,7014,19
11146,6525,26
9779,5719,28
232,7518,13
2228,6931,33
11331,6473,26
5682,4408,17
9446,11177,18
12335,11657,32
7241,1078,36
4378,6606,22
9420,11173,18
10206,6062,23
7303,1072,36
10974,2339,24
11121,6385,26
5572,511,15
5605,485,15
4688,2922,12
4683,2864,12
4632,2811,12
4586,2863,12
4646,13554,12
4654,2854,12
4675,2860,12
5094,1767,16
5098,1672,16
5176,1786,16
5223,1721,16
5138,1785,16
5180,1803,16
5229,1725,16
5245,1866,16
5289,1777,16
5294,1688,16
5331,1653,16
4736,5095,14
4950,5012,14
4946,5022,14
4871,5071,14
5066,4992,14
5081,5123,14
4809,5125,14
4886,5075,14
4888,5126,14
4985,5128,14
4745,5136,14
4899,5047,14
5072,5110,14
5906,6,7
5917,57,7
5893,62,7
5882,2,7
5941,56,7
5899,58,7
6068,45,7
6083,4864,7
5704,4369,17
5765,4409,17
5780,4366,17
5821,4279,17
5672,4400,17
5671,4362,17
5711,4417,17
5772,4416,17
5778,4415,17
5564,545,15
5510,488,15
5408,499,15
5559,519,15
5424,563,15
5504,554,15
5537,583,15
5625,557,15
5644,570,15
4369,6646,22
4377,6648,22
4506,6630,22
4391,6695,22
4454,6620,22
4467,6680,22
4496,6622,22
330,7703,13
383,7187,19
1147,4562,10
1415,4486,10
1457,4496,10
12095,11445,32
1840,7401,30
2201,6919,33
10169,5997,23
7172,1193,36
7288,1212,36
,6037,23
,11189,18
12092,11453,32
7324,1170,36
9917,5836,28
690,7080,19
,11105,18
,6052,23
10259,6019,23
9997,5764,28
10005,5820,28
1724,7351,30
11113,6393,26
151,7572,13
,6502,26
1818,7310,30
9477,11133,18
1636,7321,30
1437,4592,10
2153,6881,33
631,7141,19
2,7569,13
10197,5986,23
12319,11571,32
7149,1186,36
1280,4523,10
10073,5969,23
444,7081,19
,6302,25
1693,7342,30
7295,1097,36
11236,6440,26
11538,6345,25
9256,11214,18
11276,6524,26
10006,5726,28
1985,6924,33
7323,1195,36
7041,13813,36
,6061,23
1299,4572,10
1639,7353,30
2086,6756,33
48,7542,13
9479,11197,18
12242,10933,32
,5827,28
11347,6474,26
2253,6764,33
9861,5703,28
425,7022,19
1120,4587,10
520,7091,19
10004,5708,28
550,7200,19
4547,2827,12
5149,1646,16
,1712,16
5393,1870,16
,5097,14
4951,5001,14
4849,5155,14
,44,7
5985,72,7
5957,9,7
5981,7,7
,4376,17
5841,4401,17
,527,15
5450,409,15
,566,15
5579,595,15
11486,6191,25
9404,11176,18
10286,5956,23
9944,5743,28
1804,7411,30
1638,7354,30
2152,6741,33
2236,6785,33
1392,4539,10
440,7272,19
1334,4501,10
10213,6042,23
11098,6484,26
9400,11295,18
11175,6545,26
9430,11306,18
11100,6483,26
10176,5916,23
12363,11588,32
11415,6338,25
11415,6340,25
11282,6519,26
12347,11644,32
686,7239,19
11314,6499,26
9943,5790,28
9943,5848,28
11152,6487,26
45,7722,13
28,7747,13
12112,11606,32
7141,1258,36
9395,11307,18
711,7058,19
,5880,28
9854,5840,28
10106,5911,23
12282,11051,32
1212,4718,10
12265,11414,32
12267,11577,32
12285,11612,32
10251,6040,23
11363,6336,25
7113,1253,36
12325,11598,32
1315,4576,10
1999,6961,33
7059,1257,36
441,7231,19
7062,1259,36
1344,4510,10
9837,5788,28
10247,6027,23
12268,11452,32
236,7714,13
1771,7427,30
11150,6504,26
7044,1278,36
11467,6235,25
11071,2291,24
2178,6976,33
1307,4720,10
522,7237,19
454,7238,19
11587,6238,25
11587,6265,25
9439,10901,18
,7473,30
10079,6032,23
12283,11611,32
11040,2247,24
9392,11256,18
19,7756,13
9897,5789,28
599,7064,19
7096,1256,36
12113,11573,32
1422,4583,10
11500,6233,25
9434,11309,18
10967,2250,24
10967,2251,24
7140,1211,36
88,7750,13
11403,6242,25
11403,6261,25
11248,6505,26
12284,11603,32
10313,5912,23
5415,468,15
11567,6250,25
11567,6271,25
11567,6274,25
11284,6532,26
11364,6333,25
335,7622,13
12269,11345,32
11516,6328,25
11516,6326,25
4850,5070,14
12289,11565,32
11554,6329,25
11554,6325,25
2024,6960,33
11280,6529,26
7146,1254,36
9405,11227,18
1952,6953,33
277,7737,13
47,7735,13
,11345,32
11078,2243,24
11078,2244,24
11053,2331,24
1211,4721,10
9205,11317,18
12287,11574,32
721,7234,19
11277,6530,26
308,7786,13
445,7228,19
11321,6486,26
11591,6335,25
11591,6369,25
12266,11446,32
548,7224,19
405,7048,19
10315,6029,23
11381,6334,25
104,7746,13
457,7232,19
6029,4906,7
1645,7493,30
11039,2234,24
12341,10980,32
11044,2309,24
464,7236,19
11456,6247,25
11456,6267,25
11281,6516,26
9426,11297,18
7033,1266,36
2019,6964,33
,6241,25
,6262,25
,6342,25
,6332,25
5466,474,15
6003,4901,7
6021,4902,7
4693,2927,12
4728,2924,12
4626,2983,12
5214,1662,16
5156,1824,16
5203,1821,16
5295,1872,16
5292,1661,16
5302,1666,16
5304,1681,16
5336,1703,16
5353,1887,16
5382,1737,16
5182,1823,16
5227,1820,16
5321,1847,16
4987,5107,14
4991,5237,14
4996,5229,14
5005,5235,14
4990,5216,14
5018,5224,14
5028,5228,14
5031,5234,14
5006,4981,14
5027,5225,14
4910,5220,14
4905,5207,14
4905,5205,14
5960,4795,7
5969,23,7
5869,23,7
5958,4894,7
6018,19,7
6019,4920,7
6016,4916,7
6016,4917,7
6004,4898,7
6087,4912,7
5761,4345,17
5787,4341,17
5754,4414,17
5779,4403,17
5743,4405,17
5549,448,15
5584,469,15
5513,467,15
5551,471,15
4453,6659,22
4439,6593,22
567,4103,19
406,4210,19
1221,4722,10
11278,6518,26
11365,6335,25
11365,6369,25
10962,2249,24
10962,2248,24
11540,6239,25
11540,6264,25
10112,5907,23
10165,6021,23
7070,1260,36
7283,1261,36
7265,1255,36
9361,11167,18
,11649,32
165,7568,13
9398,11178,18
10262,5975,23
11493,6284,25
,480,15
11244,6471,26
9263,11257,18
9212,11155,18
11046,2319,24
133,7516,13
1127,4596,10
11233,6560,26
11561,6147,25
9211,11208,18
1925,6804,33
11439,6171,25
11130,6571,26
492,7066,19
11545,6153,25
395,7122,19
9274,11308,18
9485,11093,18
456,7197,19
11417,6204,25
10069,6090,23
252,7596,13
9381,11046,18
1734,7315,30
191,7557,13
11247,6399,26
2027,6740,33
1821,7312,30
1816,7350,30
5179,1669,16
2147,6822,33
374,7017,19
385,7143,19
9888,5702,28
11163,6467,26
1385,4615,10
2025,6897,33
11097,6439,26
10130,6085,23
1717,7363,30
1661,7355,30
615,7077,19
1232,4634,10
1342,4545,10
1801,7412,30
2135,6803,33
9858,5737,28
9250,11280,18
10969,2298,24
12084,11532,32
5412,500,15
4550,2887,12
4865,5209,14
5895,32,7
10080,6060,23
4567,2817,12
4647,2837,12
4713,2907,12
5207,1733,16
5119,1728,16
5221,1771,16
5314,1775,16
4869,5176,14
4930,4996,14
4956,5029,14
4932,5158,14
4887,5127,14
5963,65,7
6027,4810,7
5874,48,7
5875,15,7
6034,4826,7
5657,4261,17
5689,4259,17
5705,4379,17
5753,4326,17
5651,4314,17
5806,4310,17
5822,4292,17
5848,4321,17
5746,4321,17
5536,540,15
5479,437,15
5454,441,15
5582,436,15
5425,551,15
4376,6660,22
4399,6654,22
4390,6690,22
4495,6698,22
130,7609,13
274,7648,13
626,7111,19
10320,6020,23
10320,6060,23
9913,5677,28
9975,5835,28
7037,1114,36
7180,1125,36
11208,6444,26
10140,5976,23
11072,2292,24
1921,6742,33
1163,4710,10
1735,7319,30
,6155,25
2133,6889,33
1122,4611,10
9491,11196,18
1443,4624,10
10065,6009,23
2121,6936,33
1841,7374,30
707,7131,19
12139,11423,32
343,7658,13
1695,7398,30
713,7005,19
7152,1068,36
11079,2288,24
1852,7437,30
1433,4682,10
115,7694,13
2134,6888,33
1847,7451,30
11372,6289,25
1435,4519,10
1128,4591,10
7145,1086,36
9258,11267,18
12186,11377,32
,4466,10
1808,7409,30
10021,5842,28
1659,7378,30
12388,11589,32
1637,7373,30
2127,6903,33
9371,11106,18
,6311,25
10283,6145,23
373,7156,19
11059,2332,24
302,7628,13
10985,2315,24
1390,4632,10
12190,11358,32
10973,2316,24
11096,6383,26
1353,4476,10
7316,1061,36
1911,7432,30
1800,7435,30
1962,6809,33
2199,6902,33
1436,4637,10
1916,6750,33
2249,6783,33
11288,6420,26
10185,5932,23
1758,7447,30
2064,6901,33
9414,11277,18
11214,6428,26
11094,6392,26
11572,6370,25
12397,11576,32
9267,11238,18
1947,6932,33
12404,11528,32
1670,7385,30
1311,4525,10
11574,6304,25
671,7165,19
7293,1074,36
7294,1154,36
399,7039,19
11174,6537,26
1137,4642,10
12171,11432,32
2234,6765,33
12251,11594,32
306,7527,13
11539,6162,25
187,7543,13
102,7561,13
694,7002,19
11555,6292,25
,6310,25
2174,6933,33
11026,2238,24
1450,4488,10
12188,11055,32
10047,5814,28
327,7696,13
,7026,19
9835,5697,28
,4616,10
12197,11668,32
11543,6288,25
10120,6069,23
1375,4604,10
12360,10959,32
11353,6496,26
5767,4418,17
12366,11641,32
11397,6287,25
1465,4536,10
4570,2890,12
,6214,25
5482,513,15
4551,2883,12
4577,2910,12
4623,2809,12
4656,2885,12
4674,2824,12
4724,2815,12
5107,1677,16
5168,1796,16
5133,1875,16
5139,1644,16
5194,1798,16
5247,1659,16
5259,1766,16
5277,1839,16
5375,1627,16
5370,1884,16
5366,1853,16
4948,5009,14
4960,5019,14
5036,5011,14
5062,5103,14
4756,4991,14
5087,5072,14
4938,5133,14
4774,5142,14
4739,5025,14
5033,5111,14
5889,4871,7
5954,47,7
5989,3,7
5929,55,7
5967,4882,7
,4809,7
5700,4375,17
5740,4264,17
5835,4375,17
5854,4270,17
5653,4407,17
5791,4421,17
5402,508,15
5404,505,15
5451,425,15
5478,423,15
5476,429,15
5483,501,15
5611,491,15
5647,505,15
5569,599,15
5616,561,15
,580,15
4407,6688,22
1188,4466,10
11131,6534,26
11205,6418,26
11234,6496,26
11441,6173,25
10970,2306,24
9249,11301,18
2015,6788,33
2090,6785,33
2125,6764,33
7169,1187,36
7280,1285,36
7278,1179,36
10139,6099,23
12070,10960,32
9215,11341,18
1655,7324,30
5406,447,15
697,7021,19
11017,2254,24
1,7643,13
1930,6776,33
1341,4691,10
9208,11112,18
10317,5949,23
1403,4704,10
9816,5709,28
43,7665,13
4649,2848,12
5297,1635,16
5254,1651,16
4903,5167,14
5880,4831,7
5962,4848,7
5756,4304,17
5396,449,15
5396,547,15
10296,6073,23
2028,6816,33
541,7161,19
2226,6851,33
7150,1174,36
1723,7304,30
217,7514,13
11419,6207,25
1787,7421,30
12199,11672,32
12345,11625,32
1184,4603,10
664,7114,19
126,7559,13
11377,6194,25
9911,5716,28
10972,2324,24
10977,2313,24
422,7176,19
1789,7439,30
283,7626,13
2071,6762,33
9955,5676,28
2046,6838,33
2051,6782,33
39,7607,13
11487,6208,25
11264,6464,26
11503,6293,25
75,7675,13
1769,7336,30
,7184,19
10291,5972,23
9896,5751,28
743,7041,19
203,7595,13
1223,4621,10
1230,4609,10
11133,6470,26
1402,4683,10
11521,6299,25
12364,11473,32
1261,4543,10
1848,7340,30
7158,1223,36
1718,7305,30
1722,7414,30
10143,5981,23
364,7108,19
364,7259,19
11068,2322,24
11006,2285,24
538,7121,19
1729,7382,30
2114,6837,33
10979,2340,24
77,7624,13
9379,11222,18
11265,6462,26
9294,11097,18
1185,4601,10
9268,11276,18
11091,6424,26
2030,6865,33
9313,11181,18
1239,4556,10
1455,4607,10
11115,6465,26
146,7692,13
247,7683,13
282,7589,13
11066,2325,24
11551,6305,25
312,7517,13
1225,4526,10
9460,11142,18
11407,6216,25
413,7019,19
1908,7332,30
12358,11674,32
546,7127,19
2047,6844,33
10280,6092,23
9956,5810,28
7076,1274,36
4806,5032,14
4563,2876,12
4587,2915,12
4657,2855,12
4709,2842,12
4710,2903,12
5120,1685,16
5113,2214,16
5165,1774,16
5264,1778,16
5280,1667,16
5284,1739,16
5327,1706,16
5299,1658,16
5346,1878,16
4968,5003,14
4955,5102,14
4854,5057,14
4832,4965,14
4878,5072,14
4916,4972,14
5077,5032,14
4751,4978,14
4906,5060,14
5970,29,7
5964,26,7
6040,4866,7
6078,4870,7
5862,4865,7
5947,61,7
6072,4868,7
5741,4263,17
5722,4260,17
5737,4374,17
5760,4381,17
5539,536,15
5398,525,15
5494,567,15
5620,574,15
5477,569,15
5493,562,15
5563,581,15
5586,587,15
4429,6639,22
4449,6633,22
4448,6637,22
4475,6651,22
333,7571,13
547,7182,19
719,7206,19
11126,6474,26
11180,6408,26
1759,7338,30
1798,7301,30
1810,7335,30
2108,6825,33
2179,6876,33
11550,6148,25
10223,5930,23
12082,11440,32
7182,1153,36
9282,11269,18
11141,6550,26
1162,4636,10
9819,5711,28
355,7117,19
11181,6549,26
11291,6527,26
,6195,25
,6281,25
11547,6189,25
9283,11087,18
259,7574,13
736,4027,19
12089,12035,32
1462,4639,10
1896,7365,30
,11260,18
9872,5734,28
1660,7361,30
341,7670,13
238,7549,13
2164,6807,33
9959,5733,28
1714,7358,30
11411,6237,25
20,7695,13
9845,5701,28
9783,5706,28
2230,6755,33
2062,6757,33
1432,4650,10
7171,1156,36
11272,6452,26
255,7550,13
7063,1309,36
10988,2333,24
691,7174,19
735,4114,19
10250,5925,23
728,7275,19
12091,11433,32
10146,6105,23
2122,6810,33
10287,5924,23
1900,7311,30
297,7570,13
9851,5754,28
609,7024,19
2237,6791,33
2237,6779,33
11430,6210,25
12307,11498,32
10255,5931,23
1699,7356,30
11105,6546,26
9272,11320,18
1430,4610,10
11298,6454,26
11438,6211,25
10274,5922,23
11104,6548,26
10092,5929,23
246,7548,13
2221,6842,33
11038,2326,24
11414,6190,25
10119,6049,23
11064,2296,24
2244,6821,33
11005,2320,24
201,7573,13
1784,7359,30
,6168,25
4805,5145,14
4569,2888,12
4668,2889,12
4725,2856,12
5143,1753,16
5265,1718,16
5307,1717,16
,1631,16
4953,5101,14
4934,4966,14
5055,5170,14
4834,5202,14
4867,4961,14
4757,5117,14
5924,11,7
5995,4834,7
5982,59,7
6039,4800,7
5913,4803,7
5783,4298,17
5808,4365,17
5843,4266,17
,4364,17
5686,4335,17
5730,4320,17
5669,4276,17
5525,541,15
5430,555,15
5441,597,15
5581,550,15
4372,6689,22
4430,6610,22
4487,6693,22
4513,6611,22
470,7116,19
577,7235,19
11241,6547,26
11477,6206,25
11541,6167,25
1986,6779,33
7285,1296,36
9805,5696,28
12108,13573,32
10221,5985,23
12107,13577,32
7142,13814,36
5440,410,15
9333,11293,18
9311,11122,18
5694,4438,17
4824,5050,14
5413,610,15
5934,20,7
11402,6165,25
593,7244,19
11070,2289,24
718,7186,19
651,7208,19
9942,5692,28
12117,11480,32
9352,11148,18
504,7242,19
12226,11507,32
9325,11127,18
10118,6023,23
12071,11520,32
9299,11182,18
9923,5746,28
9993,5695,28
7082,1126,36
9965,5738,28
12227,11506,32
11401,6187,25
11426,6180,25
10,7637,13
11395,6178,25
2214,6799,33
314,7544,13
5111,1638,16
9912,5875,28
10268,6082,23
131,7538,13
12240,11650,32
10281,6097,23
22,7666,13
1460,3540,10
11333,6540,26
185,7619,13
9219,10910,18
2044,6771,33
9425,11188,18
354,7023,19
11049,2299,24
193,7693,13
11413,6198,25
511,7098,19
1308,4714,10
5940,22,7
9794,5735,28
1174,4707,10
2077,6796,33
1887,7316,30
11324,6449,26
10216,5945,23
9984,5721,28
9984,5742,28
122,7612,13
11529,6196,25
10085,5926,23
12322,12026,32
9844,5744,28
9844,5785,28
7232,1129,36
10194,6100,23
11468,6199,25
202,7601,13
7296,1110,36
317,7606,13
10059,5927,23
1328,4470,10
10217,5943,23
10156,5982,23
10141,6093,23
,5722,28
10301,6095,23
4838,5211,14
5603,483,15
4582,2844,12
4669,2808,12
5101,1782,16
5174,1676,16
5172,1788,16
5317,1874,16
5354,1864,16
5361,2469,16
5363,1650,16
4959,5016,14
5074,5016,14
4762,5153,14
4904,5149,14
4980,5114,14
5886,4833,7
5883,33,7
6022,21,7
5938,36,7
5939,4918,7
5702,4299,17
5703,4430,17
5718,4305,17
5823,4306,17
5837,4437,17
5438,421,15
5445,431,15
5630,422,15
5583,464,15
4414,6684,22
4422,6704,22
4462,6702,22
4473,6661,22
11143,6551,26
11147,6437,26
10984,2294,24
11019,2348,24
11526,6185,25
7064,1295,36
7080,1262,36
11300,6445,26
1904,7503,30
2000,6971,33
11480,6231,25
12348,11393,32
12087,11444,32
12151,11411,32
12151,11727,32
10078,5918,23
,5973,23
1126,4640,10
11548,6200,25
1153,4672,10
12106,11670,32
12212,11563,32
256,7736,13
,6300,25
363,7188,19
12410,11380,32
9952,5796,28
10064,6122,23
54,7593,13
1764,7423,30
1245,4666,10
11027,2228,24
11027,2229,24
,11259,18
11137,6388,26
11037,2239,24
11037,2344,24
7224,1307,36
9417,11210,18
1885,7492,30
94,7623,13
1700,7453,30
11482,6197,25
,5817,28
,476,15
,7027,19
11237,6414,26
7093,1083,36
1860,7425,30
1205,4561,10
12094,11478,32
,7384,30
2124,6763,33
481,7193,19
1155,4745,10
11058,2318,24
10145,5996,23
226,7566,13
,7554,13
,6867,33
7196,1224,36
7196,1141,36
7196,1100,36
9831,5822,28
640,4028,19
10057,6011,23
9416,11134,18
9367,11114,18
9243,11302,18
,4518,10
652,7227,19
9900,5727,28
1865,7505,30
10023,5661,28
1267,4484,10
11437,6240,25
11437,6263,25
11437,6343,25
11112,6390,26
12153,11488,32
12153,11767,32
2245,6884,33
12228,11568,32
4859,5034,14
4685,2939,12
4639,2959,12
4661,2957,12
4722,2884,12
5383,1648,16
5169,1851,16
,5002,14
5037,2205,14
4759,2212,14
5059,5247,14
4851,5040,14
5916,80,7
6079,1,7
6015,4899,7
6010,4908,7
,4435,17
5813,4431,17
5621,543,15
,524,15
5619,484,15
5622,609,15
4442,6711,22
4476,6676,22
11215,6432,26
11424,6230,25
2021,6818,33
1960,6760,33
10231,5958,23
10277,5928,23
7260,1290,36
80,7707,13
2160,6806,33
1168,4697,10
10142,6101,23
1130,4584,10
9969,5684,28
5470,445,15
,451,15
715,7041,19
,5850,28
10989,2303,24
362,7115,19
1179,4629,10
1179,4630,10
11301,6495,26
1421,4660,10
11219,6457,26
11089,2256,24
726,7128,19
3,7646,13
12198,10946,32
12198,11460,32
11164,6419,26
11302,6569,26
12373,11541,32
195,7553,13
11325,6494,26
11498,6283,25
12313,11479,32
11560,6213,25
1811,7343,30
11355,6497,26
1669,7383,30
12385,11417,32
10174,5942,23
2056,6834,33
11423,6186,25
7178,1192,36
81,7702,13
12393,11449,32
9909,5731,28
9264,11304,18
328,7591,13
11379,6166,25
9344,11169,18
1396,4618,10
10307,5941,23
744,4087,19
325,7579,13
12155,11410,32
4590,2930,12
4700,2929,12
4681,2913,12
4624,2912,12
4682,2964,12
4678,2859,12
4677,2857,12
4704,2867,12
5152,1671,16
5345,1693,16
5210,1673,16
5281,1829,16
5282,1738,16
5320,1841,16
,1694,16
5350,1726,16
5035,5096,14
4982,4974,14
4747,4963,14
4983,5129,14
4852,5124,14
4920,5108,14
4923,5148,14
5885,890,7
5887,4816,7
6045,52,7
5922,34,7
6046,890,7
6058,34,7
6080,12,7
,4860,7
5731,4267,17
5792,4265,17
5829,4271,17
5729,4350,17
5849,4294,17
5560,539,15
5592,530,15
5614,435,15
5614,498,15
5612,430,15
,493,15
5623,563,15
,600,15
4400,6629,22
4471,6614,22
4480,6608,22
4501,6600,22
507,7167,19
527,7072,19
11020,2256,24
7284,1281,36
7262,1275,36
1914,6745,33
1914,6990,33
1242,4715,10
,7306,30
5926,10,7
4744,5152,14
5668,4333,17
,6436,26
,6556,26
,2235,24
4423,6597,22
,1794,16
725,7258,19
258,7686,13
10190,6087,23
9388,11172,18
340,7664,13
340,7600,13
,4125,19
33,7664,13
33,7600,13
2139,6774,33
11015,2347,24
414,4225,19
1822,7323,30
5236,1680,16
4828,5165,14
5069,14821,14
5881,4836,7
5706,4318,17
5553,608,15
11011,2280,24
11011,2262,24
462,7003,19
5367,1852,16
1774,7295,30
7163,1219,36
2207,6885,33
7051,1095,36
2190,6781,33
1159,4487,10
9307,11129,18
12201,11638,32
12119,7812,32
9814,5673,28
11140,6559,26
1384,4588,10
1744,7415,30
1478,4630,10
1274,4684,10
9320,11144,18
1715,7463,30
698,7028,19
9488,11147,18
9338,11113,18
1984,6886,33
11033,2265,24
190,7525,13
21,7604,13
9901,5771,28
681,7157,19
2216,6862,33
,11594,32
,4524,10
11323,6501,26
1910,7396,30
4837,5049,14
10309,6054,23
1867,7465,30
9471,11130,18
321,7659,13
11306,6382,26
10995,2277,24
2104,6824,33
11268,6521,26
9435,11195,18
2184,6949,33
11124,6500,26
420,7139,19
10322,6065,23
1640,7339,30
11134,6535,26
4695,2815,12
1293,4563,10
1208,4498,10
629,7110,19
103,7526,13
1366,4541,10
11243,6400,26
7105,1158,36
11198,6565,26
1272,4681,10
10245,5952,23
1898,7462,30
623,7013,19
2239,6792,33
2239,6790,33
9443,11271,18
1958,6797,33
12146,10955,32
1236,4569,10
1306,4497,10
7090,1105,36
11211,6557,26
7161,13810,36
7313,1183,36
419,7018,19
12375,11711,32
483,7142,19
10128,5950,23
,4219,19
9365,11158,18
1906,7395,30
11562,6202,25
12244,11567,32
7322,1226,36
11312,6562,26
12215,11656,32
11170,6379,26
9782,5671,28
10996,2281,24
7206,1135,36
7201,1118,36
7201,1220,36
2187,6942,33
9951,5768,28
1439,4677,10
12127,11496,32
2219,6922,33
9356,10958,18
12136,11658,32
9482,11175,18
27,7717,13
1479,4638,10
1964,6827,33
11519,6279,25
272,7634,13
4821,4997,14
276,7519,13
10294,5955,23
10103,6053,23
11050,2216,24
207,7592,13
11084,2246,24
9784,5773,28
7126,1204,36
11012,2259,24
1466,4482,10
9452,11240,18
1237,4676,10
1320,4606,10
11408,6228,25
491,7181,19
1209,4558,10
9810,5664,28
2095,6873,33
10991,2272,24
9265,11263,18
2107,6900,33
1858,7436,30
11581,6307,25
9847,5801,28
12168,11512,32
9856,5824,28
9856,12123,28
12365,11664,32
12101,11361,32
9358,11168,18
,14841,25
672,7009,19
4368,6625,22
1879,7417,30
1227,4614,10
10312,5936,23
,6289,25
9966,5763,28
12161,11508,32
7274,1152,36
101,7564,13
,14479,33
1913,7499,30
10111,6057,23
9788,5723,28
7097,13812,36
1449,4678,10
12249,11569,32
10193,6056,23
12354,11386,32
11275,6520,26
10196,6091,23
12414,11374,32
12414,11517,32
12414,11602,32
1356,4490,10
213,7645,13
1145,4485,10
9441,11103,18
722,7209,19
,11121,18
9368,11109,18
1158,4542,10
1243,4531,10
1788,7422,30
622,7112,19
1269,4675,10
12395,11693,32
,6278,25
2238,6866,33
1379,4651,10
143,7636,13
1485,4544,10
170,7520,13
10035,5769,28
10158,5979,23
10235,5995,23
9385,11279,18
,6418,26
1918,6738,33
556,7177,19
10308,5908,23
9849,5786,28
7111,1168,36
9419,8651,18
2203,6880,33
9830,5818,28
1742,7442,30
11267,6522,26
1297,4575,10
9957,5760,28
7045,1185,36
,4486,10
161,7541,13
9865,5832,28
11074,2275,24
2194,6993,33
1882,7405,30
714,7133,19
2066,6736,33
9380,11098,18
12382,10956,32
1447,4679,10
12391,13576,32
11155,6575,26
11148,6510,26
1238,4491,10
10233,5953,23
1129,4479,10
,553,15
1393,4647,10
9839,5813,28
747,4176,19
2213,6939,33
10282,5993,23
11132,6564,26
665,7038,19
,6941,33
12386,11500,32
2157,6852,33
1314,4600,10
11292,6514,26
530,7169,19
11032,2227,24
10107,5992,23
12359,11396,32
1685,7392,30
1892,7458,30
11018,2271,24
7192,1090,36
1749,7410,30
7069,1177,36
10104,5909,23
9937,5816,28
9937,5797,28
7032,1301,36
7188,1180,36
11398,6316,25
,11153,18
9962,5830,28
30,7556,13
9866,5828,28
1400,4602,10
12187,10947,32
10067,5980,23
9369,11111,18
1289,4507,10
11169,6426,26
12208,11633,32
2195,6766,33
7197,1197,36
41,7644,13
11322,6528,26
1264,4613,10
11135,6563,26
1899,7446,30
9244,11233,18
519,7124,19
329,7562,13
11556,6280,25
11556,6282,25
11564,6170,25
1312,4493,10
10049,5776,28
1321,4655,10
378,7126,19
7119,1205,36
331,7522,13
555,7015,19
12305,11327,32
1387,4553,10
11578,6321,25
637,7180,19
11570,6296,25
2136,6854,33
2251,6824,33
7081,1182,36
1905,7443,30
1905,14476,30
12376,11469,32
7124,1191,36
1872,7433,30
,6003,23
11179,6561,26
9351,11179,18
1842,7440,30
1404,4593,10
1313,4649,10
10046,5797,28
668,7025,19
1294,4564,10
7184,13811,36
11446,6224,25
1426,4489,10
4848,5073,14
1868,7438,30
1866,7464,30
703,7109,19
2241,6938,33
12369,11054,32
5908,71,7
4742,5135,14
,1752,16
,4280,17
4543,2814,12
402,7033,19
487,7088,19
,2258,24
,6174,25
,7106,19
5565,553,15
4542,2823,12
4607,2816,12
4580,2872,12
4604,2821,12
4618,2978,12
4640,2850,12
4655,2961,12
4689,2825,12
4716,2846,12
4706,2822,12
5108,1750,16
5290,1702,16
5118,1800,16
5167,1649,16
5351,1649,16
5126,1749,16
5163,1885,16
5157,1730,16
5212,1765,16
5145,1682,16
5147,1806,16
5170,1639,16
5193,1773,16
5209,1810,16
5211,1814,16
5237,1679,16
5347,1842,16
5291,1780,16
5293,1789,16
5326,1845,16
5341,1863,16
5340,1840,16
5338,1871,16
5337,1876,16
5362,1629,16
5385,1883,16
5392,1882,16
5390,1810,16
5391,1800,16
4737,5082,14
4974,5100,14
4978,5004,14
4947,5099,14
4965,5007,14
4988,5005,14
5030,5024,14
5067,5008,14
4816,5067,14
4766,5079,14
4925,5074,14
4933,5246,14
4896,5138,14
5012,5069,14
5041,5132,14
4827,5055,14
5013,5045,14
5052,5195,14
5083,5113,14
4893,5065,14
5060,5134,14
5903,5,7
5984,27,7
6069,27,7
5992,18,7
6035,38,7
6086,4860,7
6091,5,7
5979,4877,7
5909,13,7
5930,79,7
5997,4840,7
5911,78,7
5952,66,7
5659,4392,17
5739,4258,17
5786,4380,17
5824,4329,17
,5402,17
5858,4408,17
5716,4434,17
5764,4293,17
5832,4429,17
5684,4296,17
5775,4406,17
5797,4433,17
5851,4432,17
5530,533,15
5535,542,15
5400,502,15
5431,507,15
5540,514,15
5460,411,15
5485,417,15
5543,521,15
5544,515,15
5591,438,15
5641,490,15
5641,423,15
5643,594,15
5462,594,15
5421,596,15
5429,565,15
5433,582,15
5435,571,15
5568,585,15
5642,598,15
5588,579,15
5606,576,15
5617,580,15
5646,607,15
,595,15
4387,6641,22
4392,6664,22
4396,6619,22
4413,6679,22
4431,6607,22
4437,6656,22
4441,6716,22
4457,6707,22
4470,6621,22
4481,6696,22
4511,6697,22
4512,6705,22
4518,6692,22
4527,6683,22
4525,6709,22
111,7668,13
251,7677,13
251,7563,13
310,7537,13
630,7184,19
568,4176,19
560,7144,19
627,4006,19
701,7036,19
1150,4557,10
1277,4616,10
1278,4524,10
1281,4521,10
1276,4617,10
1407,4480,10
1394,4467,10
1425,4544,10
1482,4631,10
11158,6536,26
11185,6526,26
11231,6507,26
11387,6321,25
11410,6278,25
11459,6164,25
10987,2337,24
11010,2287,24
9281,11183,18
9359,11117,18
9459,11121,18
1935,6899,33
2010,6754,33
2072,6878,33
2149,6765,33
10110,5936,23
10096,6054,23
10096,6001,23
10269,6072,23
9857,5765,28
9939,5769,28
7061,1178,36
7167,1176,36
7297,1203,36
7290,1315,36
1716,7375,30
1167,4774,10
97,7535,13
12156,11429,32
9280,11282,18
1391,4535,10
12122,11646,32
638,7190,19
9820,5705,28
1484,4653,10
12318,11552,32
68,7512,13
2008,6977,33
5063,5140,14
10055,5920,23
9362,11180,18
574,7202,19
1370,4713,10
1291,4505,10
12086,11503,32
1650,7313,30
11129,6572,26
12097,11537,32
4825,5210,14
5198,1831,16
4753,5163,14
5042,5159,14
5443,458,15
1357,4653,10
7267,1287,36
699,7087,19
,4521,10
12350,11494,32
9970,5680,28
10246,6136,23
5828,4383,17
5595,413,15
10019,5687,28
,5756,28
10192,6086,23
12261,11451,32
9217,11108,18
11429,6249,25
11429,6266,25
11429,6273,25
9391,11253,18
9391,11315,18
339,7739,13
12381,11467,32
656,4143,19
12279,11705,32
11258,6481,26
7131,1244,36
12258,11407,32
9903,5699,28
160,7651,13
209,7754,13
2081,6957,33
12275,11400,32
11520,6243,25
583,7061,19
10965,2230,24
10965,2231,24
11449,6252,25
1304,4719,10
4686,3911,12
266,7723,13
11501,6232,25
9397,8726,18
10088,5905,23
11256,6488,26
10016,5679,28
53,7576,13
1335,4499,10
11589,6236,25
1409,4732,10
12286,11579,32
11230,6429,26
7,7721,13
12280,11450,32
11043,2307,24
11077,2308,24
4897,4958,14
9242,11351,18
1360,4500,10
6037,4849,7
1765,7426,30
1809,7428,30
11557,6253,25
11557,6254,25
5311,1818,16
573,7050,19
319,7749,13
11571,6258,25
11571,6257,25
7117,1271,36
1832,7470,30
233,7709,13
1957,6966,33
11251,6478,26
5009,1954,14
2001,6963,33
11183,6479,26
10211,6142,23
7311,1293,36
11228,6531,26
,14834,23
1420,4736,10
9905,5698,28
1954,6956,33
7221,1249,36
1632,7476,30
,4722,10
10236,6084,23
89,7613,13
741,3973,19
10953,2222,24
10953,2223,24
11262,6544,26
7079,1250,36
1813,7468,30
1214,4726,10
9855,5782,28
716,7065,19
4381,6603,22
169,7725,13
336,7740,13
10195,6146,23
12278,11572,32
7319,1245,36
11344,6518,26
9833,5660,28
710,7062,19
1626,7469,30
6041,4911,7
7083,1248,36
11356,6498,26
585,7220,19
9821,5678,28
9941,5675,28
1956,6965,33
2247,6958,33
175,7720,13
158,7690,13
7067,1282,36
557,3974,19
9852,5897,28
680,3959,19
12277,11722,32
684,7229,19
669,7225,19
322,7755,13
1856,7477,30
667,7045,19
4503,6650,22
9423,11191,18
9423,11242,18
12357,11584,32
1839,7424,30
11285,6506,26
9422,11311,18
10026,5849,28
1631,7475,30
418,7060,19
7217,1247,36
292,7705,13
11062,2335,24
11062,2338,24
7220,1268,36
11469,6244,25
1337,4728,10
7320,1273,36
,14833,10
12334,11471,32
1628,7472,30
188,7744,13
12263,11461,32
7071,1246,36
2246,6959,33
11366,6246,25
11366,6268,25
,11599,32
11563,6251,25
11563,6275,25
11563,6272,25
121,7745,13
635,7047,19
1210,4577,10
552,7049,19
7143,1239,36
11542,6330,25
11542,6327,25
9812,5689,28
9223,11250,18
2144,6955,33
10212,6141,23
12170,11462,32
12281,11643,32
11099,6480,26
10220,6041,23
10957,2270,24
1419,4735,10
12259,11431,32
11067,2297,24
10958,2264,24
323,7590,13
11533,6227,25
289,7681,13
10129,6076,23
1953,6954,33
1955,6967,33
7202,1242,36
10218,5917,23
12429,11729,32
12273,11757,32
11042,2232,24
11042,2233,24
9790,5753,28
12260,11470,32
7036,1241,36
12408,11540,32
12288,11561,32
11535,6256,25
11273,6517,26
11558,6248,25
9291,11314,18
11232,6482,26
12346,11426,32
260,7631,13
1222,4734,10
11400,6255,25
237,7718,13
11057,2224,24
11057,2225,24
390,3971,19
11512,6324,25
673,7056,19
309,7748,13
11065,2266,24
11052,2276,24
730,7217,19
32,7711,13
9386,11135,18
,14835,23
11254,6490,26
1349,4737,10
,7154,19
12342,11784,32
1207,4727,10
11061,2310,24
12272,11738,32
36,7642,13
1132,4582,10
,6328,25
,6326,25
10009,5791,28
1630,7474,30
485,7055,19
9222,11252,18
1215,4738,10
11585,6256,25
11054,2336,24
11054,2283,24
1627,7471,30
1217,4733,10
10034,5662,28
7085,1243,36
4558,2944,12
,6234,25
5666,4278,17
4561,2946,12
4687,3910,12
4690,2926,12
4691,2925,12
4697,2940,12
4696,3908,12
4702,2938,12
4715,2928,12
4537,2902,12
4584,2911,12
4638,2960,12
4635,2970,12
4664,2965,12
5095,1805,16
5104,1862,16
5117,1657,16
5116,1708,16
5114,1844,16
5164,1647,16
5255,1817,16
5197,1807,16
5201,1660,16
5208,1654,16
5216,1768,16
5171,1652,16
5215,1846,16
5233,1792,16
5238,1729,16
5243,1742,16
5241,1873,16
5274,1663,16
5268,1826,16
5275,1686,16
5288,1808,16
5303,1833,16
5300,1760,16
5306,1781,16
5328,1734,16
5342,1643,16
5324,1776,16
5339,1727,16
5322,1656,16
5335,1860,16
5329,1802,16
5318,1741,16
5369,1665,16
5380,1881,16
5251,1630,16
4901,5217,14
4962,5037,14
5001,5239,14
4972,5014,14
4972,5013,14
4993,5227,14
5002,5221,14
5026,5231,14
5011,1957,14
5010,1961,14
5008,2152,14
5022,1895,14
5025,2178,14
5049,5226,14
5058,5222,14
4822,5189,14
4794,5188,14
5076,5218,14
4940,2146,14
4750,2040,14
4769,5203,14
4781,5186,14
4817,4964,14
4788,2162,14
4783,2174,14
4877,4957,14
4936,4962,14
5045,4960,14
4931,4952,14
4839,2150,14
5019,5245,14
5024,4982,14
4941,5191,14
4843,5038,14
4928,2161,14
5943,4874,7
5932,4823,7
6028,4844,7
6033,4843,7
6051,892,7
5945,4807,7
5944,4832,7
5861,24,7
6014,4892,7
5946,4815,7
5999,4905,7
6000,4904,7
6011,4897,7
6053,4907,7
5953,39,7
5773,4378,17
,4344,17
5674,4336,17
5763,4348,17
5766,4337,17
5776,4343,17
5815,4334,17
5856,4349,17
5715,4339,17
5708,4323,17
5742,4404,17
5840,4356,17
5502,465,15
5488,510,15
5498,457,15
5575,460,15
5456,455,15
5512,459,15
5449,612,15
5587,466,15
5589,472,15
4428,6662,22
4385,6599,22
4424,6628,22
4384,6677,22
4398,6657,22
4433,6590,22
4436,6658,22
4482,6589,22
4500,6725,22
4522,6596,22
224,7753,13
624,3973,19
449,7223,19
11305,6498,26
11041,2240,24
11041,2342,24
11515,6236,25
11546,6238,25
11546,6265,25
11082,2273,24
9480,11310,18
1629,7473,30
1998,6974,33
2093,6975,33
10094,6022,23
10210,6028,23
9848,5839,28
9893,5783,28
7237,1298,36
7268,1208,36
7254,1263,36
7301,1272,36
154,7639,13
316,7615,13
134,7697,13
11297,6459,26
587,7218,19
9266,11303,18
1408,4586,10
11434,6157,25
141,7539,13
12167,11530,32
1476,4599,10
9455,11288,18
12096,11439,32
9424,11039,18
11063,2317,24
1256,4669,10
1783,7377,30
12406,11459,32
1849,7430,30
11299,6455,26
9996,5681,28
11117,6402,26
2159,6989,33
695,7201,19
10036,5717,28
1968,6853,33
11536,6277,25
1139,4474,10
536,7189,19
10318,6024,23
5624,580,15
4575,2908,12
4611,2981,12
5162,1754,16
5374,1736,16
4840,5157,14
4915,5131,14
5044,5081,14
5872,37,7
5712,4312,17
5696,4308,17
5634,547,15
5434,433,15
4397,6663,22
512,7233,19
2089,6814,33
10265,6024,23
,4346,17
,11437,32
,11441,32
,11566,32
10300,6068,23
,10855,32
1332,4661,10
9891,5821,28
11334,6553,26
12384,11403,32
1487,4467,10
2132,6907,33
1948,6934,33
9804,5674,28
,14857,18
1888,7494,30
10310,6059,23
1881,7345,30
,7072,19
5733,4324,17
10159,5970,23
10311,5935,23
11127,6458,26
9411,11215,18
2243,6835,33
12237,9678,32
11295,6573,26
12072,9419,32
286,7640,13
11290,6417,26
2208,6940,33
1180,4644,10
10244,5934,23
7231,1081,36
1902,7495,30
10028,5902,28
4379,6605,22
4535,2841,12
4565,2839,12
4595,2836,12
5273,1747,16
5123,1790,16
5137,1815,16
5249,1636,16
5260,1813,16
5272,1746,16
4782,5137,14
4779,5043,14
4755,4988,14
5891,63,7
5914,4851,7
5867,4830,7
5920,4829,7
5991,69,7
6060,4819,7
5795,4325,17
5724,4290,17
5804,4382,17
5405,494,15
5481,434,15
5489,506,15
5596,493,15
5597,559,15
5607,564,15
4417,6699,22
10971,2314,24
1458,4568,10
10013,5739,28
9403,11028,18
7255,1146,36
619,7076,19
2209,6910,33
9811,5669,28
10072,5968,23
10039,5752,28
61,7533,13
9992,5682,28
9994,5777,28
10302,6063,23
7246,1124,36
11499,6156,25
,6188,25
10279,5964,23
2172,6858,33
,2279,24
10148,5965,23
10138,6089,23
11034,2263,24
7189,1128,36
7189,1283,36
12169,11413,32
1257,4670,10
1373,4597,10
264,7660,13
12371,9387,32
10137,6005,23
1941,6912,33
647,7196,19
415,7085,19
9305,11285,18
,7036,19
12352,12028,32
1864,7347,30
10157,6004,23
9407,11264,18
12173,11009,32
2202,6921,33
,7485,30
10304,5967,23
9824,5745,28
7132,1113,36
11313,6394,26
9976,5686,28
177,7635,13
393,7185,19
,6515,26
11576,6319,25
2007,6759,33
2098,6826,33
11573,6181,25
9354,11236,18
1285,4514,10
1401,4517,10
7328,1091,36
7144,1217,36
11128,6539,26
738,4031,19
1850,7404,30
9977,5685,28
199,7530,13
1118,4701,10
11056,2274,24
10225,6018,23
745,4011,19
11494,6218,25
35,7540,13
9463,11171,18
9349,11224,18
621,7129,19
9418,11031,18
2186,6911,33
11357,6526,26
1389,4511,10
9309,11131,18
,7632,13
270,7555,13
11088,2330,24
1286,4513,10
545,7010,19
9376,11145,18
7229,1111,36
1247,4654,10
1410,4633,10
563,7199,19
4892,5144,14
5533,546,15
5526,613,15
5578,552,15
4594,2832,12
4620,2977,12
4633,2812,12
4648,2899,12
4648,2966,12
4731,2987,12
5124,1830,16
5235,1713,16
5359,1759,16
4979,5006,14
4979,5105,14
4969,5028,14
5088,5179,14
4814,5200,14
4801,5184,14
4937,5201,14
4754,5198,14
5937,50,7
5871,4808,7
5927,4825,7
6032,75,7
6026,77,7
5714,4340,17
5401,426,15
,495,15
5484,558,15
5490,590,15
5499,607,15
5599,603,15
5604,601,15
4393,6626,22
4514,6655,22
221,7678,13
594,7012,19
687,7026,19
1135,4638,10
1374,4693,10
1381,4574,10
11092,6401,26
10954,2330,24
12234,10982,32
1876,7332,30
10215,6050,23
10273,6094,23
10040,5772,28
7205,1233,36
7266,1067,36
9920,5888,28
1355,4742,10
1355,4765,10
10278,6134,23
10959,2327,24
294,7742,13
717,7205,19
230,7704,13
9206,11101,18
2222,6815,33
12109,11487,32
9204,11289,18
9209,11316,18
1891,7420,30
9261,11319,18
11496,6201,25
11294,6492,26
9207,11265,18
11048,2242,24
11048,2341,24
10238,6030,23
4864,5174,14
1181,4694,10
533,7074,19
11528,6172,25
4,7672,13
2215,6890,33
,7488,30
149,7611,13
7174,1084,36
9494,11200,18
4608,2866,12
11286,6433,26
11120,6374,26
10125,6033,23
7047,1292,36
1835,7357,30
688,7079,19
5115,1709,16
11565,6150,25
2218,6758,33
9800,5700,28
2232,6891,33
2232,6749,33
682,7082,19
1752,7331,30
4541,2847,12
5191,1819,16
4773,5031,14
5888,25,7
5652,4316,17
4452,6671,22
